Road,Road,Road,Road,Road,Road,Road,Road,Road,Road, Road, Road, Road, Road, Road
Road,Road,Road,Road,Road,Road,Road,Road,Road,Road, Road, Road, Road, Road, Road
Road,Road,Road,Road,Road,Road,Road,Road,Road,Road, Road, Road, Road, Road, Road
Road,Road,Road,Road,Road,Road,Road,Road,Road,Road, Road, Road, Road, Road, Road
Road,Road,Road,Road,Road,Road,Road,Road,Road,Road, Road, Road, Road, Road, Road
Road,Road,Road,Road,Road,Road,Road,Road,Road,Road, Road, Road, Road, Road, Road
Road,Road,Road,Road,Road,Road,Road,Road,Road,Road, Road, Road, Road, Road, Road
Road,Road,Road,Road,Road,Road,Road,Road,Road,Road, Road, Road, Road, Road, Road
Road,Road,Road,Road,Road,Road,Road,Road,Road,Road, Road, Road, Road, Road, Road
Road,Road,Road,Road,Road,Road,Road,Road,Road,Road, Road, Road, Road, Road, Road
Road,Road,Road,Road,Road,Road,Road,Road,Road,Road, Road, Road, Road, Road, Road
Road,Road,Road,Road,Road,Road,Road,Road,Road,Road, Road, Road, Road, Road, Road
Road,Road,Road,Road,Road,Road,Road,Road,Road,Road, Road, Road, Road, Road, Road
